<?xml version="1.0" encoding="UTF-8"?>
<project-private xmlns="http://www.netbeans.org/ns/project-private/1">
    <editor-bookmarks xmlns="http://www.netbeans.org/ns/editor-bookmarks/2" lastBookmarkId="0"/>
    <open-files xmlns="http://www.netbeans.org/ns/projectui-open-files/2">
        <group>
            <file>file:/Users/viniciuscustodio/NetBeansProjects/TCPChat/src/chatserver/InterfaceClient.java</file>
            <file>file:/Users/viniciuscustodio/NetBeansProjects/TCPChat/src/chatserver/ServerManager.java</file>
            <file>file:/Users/viniciuscustodio/NetBeansProjects/TCPChat/src/chatserver/InterfaceServer.java</file>
            <file>file:/Users/viniciuscustodio/NetBeansProjects/TCPChat/src/chatserver/ServerCommunication.java</file>
        </group>
    </open-files>
</project-private>
