<?xml version="1.0" encoding="UTF-8"?>
<project-private xmlns="http://www.netbeans.org/ns/project-private/1">
    <editor-bookmarks xmlns="http://www.netbeans.org/ns/editor-bookmarks/2" lastBookmarkId="0"/>
    <open-files xmlns="http://www.netbeans.org/ns/projectui-open-files/2">
        <group>
            <file>file:/Users/viniciuscustodio/NetBeansProjects/ControleDePresenca/src/communication/ClientCommunication.java</file>
            <file>file:/Users/viniciuscustodio/NetBeansProjects/ControleDePresenca/src/utility/FileManager.java</file>
            <file>file:/Users/viniciuscustodio/NetBeansProjects/ControleDePresenca/src/view/InterfaceCliente.java</file>
            <file>file:/Users/viniciuscustodio/NetBeansProjects/ControleDePresenca/src/view/InterfaceServidor.java</file>
            <file>file:/Users/viniciuscustodio/NetBeansProjects/ControleDePresenca/src/communication/ServerManager.java</file>
            <file>file:/Users/viniciuscustodio/NetBeansProjects/ControleDePresenca/src/view/InterfaceMenu.java</file>
            <file>file:/Users/viniciuscustodio/NetBeansProjects/ControleDePresenca/src/communication/ServerCommunication.java</file>
        </group>
    </open-files>
</project-private>
