<?xml version="1.0" encoding="UTF-8"?>
<project-private xmlns="http://www.netbeans.org/ns/project-private/1">
    <editor-bookmarks xmlns="http://www.netbeans.org/ns/editor-bookmarks/2" lastBookmarkId="0"/>
    <open-files xmlns="http://www.netbeans.org/ns/projectui-open-files/2">
        <group>
            <file>file:/Users/viniciuscustodio/NetBeansProjects/Echo%20Server%20-%20SD/src/echo/server/sd/Client.java</file>
            <file>file:/Users/viniciuscustodio/NetBeansProjects/Echo%20Server%20-%20SD/src/control/controller.txt</file>
            <file>file:/Users/viniciuscustodio/NetBeansProjects/Echo%20Server%20-%20SD/src/control/message.txt</file>
            <file>file:/Users/viniciuscustodio/NetBeansProjects/Echo%20Server%20-%20SD/src/echo/server/sd/Server.java</file>
        </group>
    </open-files>
</project-private>
